Client,Service,Amount,Date
Blue Horizon Cafe,Deep Clean,480.00,2026-01-05
Maplewood Offices,Weekly Clean,1250.00,2026-01-12
Green Leaf Clinic,Quarterly Detail,890.00,2026-01-18
Sunset Salon,Standard Clean,320.00,2026-01-22
Harbor Diner,Deep Clean,540.00,2026-01-28
Willow Apartments,Move-out Clean,2100.00,2026-02-02
Cedar Grove School,Weekly Clean,1600.00,2026-02-09
Riverbend Hotel,Standard Clean,760.00,2026-02-15
Oak Street Bakery,Deep Clean,410.00,2026-02-21
Lakeview Offices,Quarterly Detail,1320.00,2026-02-27

© 2026 Brightline Cleaning Services. Internal financial record — reproduction, renaming, or redistribution outside the firm is prohibited. Do not export for external use.