customer_id,name,email,phone
C001,Ana Torres,ana.torres@nexacorp.com,555-0141
C002,Ben Okafor,ben.okafor@nexacorp.com,555-0177
C003,Carmen Diaz,carmen.diaz@nexacorp.com,555-0129
C004,Derek Lin,derek.lin@nexacorp.com,555-0163
C005,Elise Novak,elise.novak@nexacorp.com,555-0195
C006,Farid Haddad,farid.haddad@nexacorp.com,555-0138
C007,Greta Sato,greta.sato@nexacorp.com,555-0152
C008,Hugo Meier,hugo.meier@nexacorp.com,555-0184
C009,Ivy Chen,ivy.chen@nexacorp.com,555-0116
C010,Jamal Wright,jamal.wright@nexacorp.com,555-0170