vendor_id,access_date,access_type,status
V-001,2026-01-15,login,success
V-002,2026-01-15,logout,success
V-003,2026-01-16,login,success
V-004,2026-01-16,data_download,success
V-005,2026-01-17,login,failed
V-006,2026-01-17,login,success
V-007,2026-01-18,logout,success
V-008,2026-01-18,data_upload,success
V-009,2026-01-19,login,success
V-010,2026-01-19,logout,success
V-011,2026-01-20,login,success
V-012,2026-01-20,permission_change,success
V-013,2026-01-21,login,success
V-014,2026-01-21,logout,success
V-015,2026-01-22,login,success
V-016,2026-01-22,data_download,success
V-017,2026-01-23,login,failed
V-018,2026-01-23,login,success
V-019,2026-01-24,logout,success
V-020,2026-01-24,login,success
V-021,2026-01-25,logout,success
V-022,2026-01-25,permission_change,success
V-023,2026-01-26,login,success
V-024,2026-01-26,data_upload,success
V-025,2026-01-27,login,success
V-026,2026-01-27,logout,success
V-027,2026-01-28,login,success
V-028,2026-01-28,data_download,success
V-029,2026-01-29,login,failed
V-030,2026-01-29,login,success
V-031,2026-01-30,logout,success
V-032,2026-01-30,login,success
V-033,2026-02-01,logout,success
V-034,2026-02-01,permission_change,success
V-035,2026-02-02,login,success
V-036,2026-02-02,data_upload,success
V-037,2026-02-03,login,success
V-038,2026-02-03,logout,success
V-039,2026-02-04,login,success
V-040,2026-02-04,data_download,success
V-041,2026-02-05,login,failed
V-042,2026-02-05,login,success
V-043,2026-02-06,logout,success
V-044,2026-02-06,login,success
V-045,2026-02-07,permission_change,success
V-046,2026-02-07,logout,success
V-047,2026-02-08,login,success
V-048,2026-02-08,data_upload,success
V-049,2026-02-09,login,success
V-050,2026-02-09,logout,success
© 2026 Meridian Logistics. Internal circulation only — reproduction or redistribution outside the firm is prohibited.