FirstName,LastName,Email,LoanAmount,Income
Aisha,Kim,aisha.kim@example.com,25000,82000
Liam,O'Brien,liam.obrien@example.com,18000,64000
Sofia,Garcia,sofia.garcia@example.com,30000,91000
Noah,Smith,noah.smith@example.com,22000,75000
Mia,Cohen,mia.cohen@example.com,27000,88000
Ethan,Nguyen,ethan.nguyen@example.com,19000,69000
Layla,Patel,layla.patel@example.com,31000,95000
Lucas,Johnson,lucas.johnson@example.com,20000,72000
Amara,Okoye,amara.okoye@example.com,24000,80000
Henry,Miller,henry.miller@example.com,26000,85000
Priya,Sharma,priya.sharma@example.com,28000,90000
Gabriel,Alvarez,gabriel.alvarez@example.com,21000,71000
