vendor_id,company,contact_name,website,email,phone
V101,Acme Logistics,Jordan Ellis,acmelogistics.example.com,,
V102,Brightwave Analytics,Casey Morgan,brightwave.example.com,,
V103,Cornerstone Foods,Robin Alvarez,cornerstonefoods.example.com,,
V104,Delta Media Group,Pat Nguyen,deltamedia.example.com,,
V105,Everline Software,Quinn Harper,everlinesoftware.example.com,,
V106,Focus Fitness,Leslie Kim,focusfitness.example.com,,
V107,Granite Insurance,Sam Brooks,graniteinsurance.example.com,,
V108,Harbor Legal,Taylor Reed,harborlegal.example.com,,
V109,Island Travel,Moira Chen,islandtravel.example.com,,
V110,Juniper Consulting,Alex Rivera,juniperconsulting.example.com,,
V111,Kepler Robotics,Dana Fox,keplerrobotics.example.com,,
V112,Lumen Health,Riley Shaw,lumenhealth.example.com,,