vendor_id,period,description,amount,issued,paid
V-0142,2025-Q2,Consulting services,4820.00,2025-06-30,FALSE
V-0142,2025-Q2,Travel reimbursement,612.40,2025-06-30,FALSE
V-0142,2025-Q2,Software licenses,1999.99,2025-06-30,FALSE
V-0142,2025-Q2,On-site support,2300.00,2025-06-30,FALSE
V-0142,2025-Q2,Data migration,1200.00,2025-06-30,FALSE
V-0142,2025-Q2,Training,850.00,2025-06-30,FALSE
V-0142,2025-Q2,Storage fees,740.00,2025-06-30,FALSE
V-0142,2025-Q2,Network services,500.00,2025-06-30,FALSE
V-0142,2025-Q2,Monitoring,420.00,2025-06-30,FALSE
V-0142,2025-Q2,Backup service,330.00,2025-06-30,FALSE
V-0142,2025-Q2,Support retainer,200.00,2025-06-30,FALSE
V-0142,2025-Q2,Total,13772.39,2025-06-30,FALSE
V-0142,2025-Q2,Reconciliation note,,2025-06-30,,