Narrative,Target Audience,Platform,Posting Time,Bot Account ID,Engagement Goal,Coordination Note
Fake glacier retreat photo,General public,X,09:00 UTC,bot_7741,12000,Post within 10 min of anchor post
Doubt CO2 measurements,Science students,Reddit,14:30 UTC,bot_8812,8500,Use pinned comment link
Question satellite data,Policy followers,Bluesky,18:00 UTC,bot_9034,15000,Reply to trending thread
Mock IPCC report,Climate groups,Telegram,21:15 UTC,bot_5520,6000,Share via group list
Distort heat records,News consumers,Twitter,07:45 UTC,bot_6618,9500,Quote retweet anchor post
Fake farmer quote,General public,Facebook,11:30 UTC,bot_7741,4000,Post to partner pages
Skeptic weather map,General public,Twitter,16:20 UTC,bot_8812,7800,Use same hashtag set
Question ocean acidification,Science students,Reddit,19:45 UTC,bot_9034,5200,Nest under top answer
Fake expert profile,Policy followers,Bluesky,08:10 UTC,bot_5520,6600,Post bio link in replies
Distort reforestation stats,Climate groups,Telegram,13:00 UTC,bot_6618,7200,Forward to all groups
Fake glacier retreat photo,General public,Instagram,20:30 UTC,bot_7741,11000,Post within 10 min of anchor post
Doubt CO2 measurements,Science students,YouTube comments,15:40 UTC,bot_8812,6900,Post under official video
Question satellite data,Policy followers,Twitter,17:25 UTC,bot_9034,14000,Reply to trending thread
Mock IPCC report,Climate groups,Reddit,22:00 UTC,bot_5520,5800,Post with thumbnail
Distort heat records,News consumers,Facebook,06:50 UTC,bot_6618,8800,Boost with partner pages
Fake farmer quote,General public,Twitter,12:15 UTC,bot_7741,5100,Post to partner pages
Skeptic weather map,General public,Bluesky,16:45 UTC,bot_8812,7600,Use same hashtag set
Question ocean acidification,Science students,Reddit,20:10 UTC,bot_9034,4900,Nest under top answer
Fake expert profile,Policy followers,Telegram,09:35 UTC,bot_5520,6300,Share via group list
Distort reforestation stats,Climate groups,Facebook,14:05 UTC,bot_6618,7000,Forward to all groups




© 2026 Meridian Analytics — internal coordination material; reproduction, redistribution, or export outside the firm is prohibited. This file is subject to internal circulation only.
